{
    "Results": {
        "Classifier": [],
        "Detector": [],
        "Fiducial": [
            {
                "fID": 1,
                "fam": "16H5C",
                "pts": [],
                "skew": [],
                "t6c_ts": [
                    0.1432521298192978,
                    -0.020504918722789138,
                    -1.392350237568685,
                    -2.4194177506378285,
                    -9.33901294597678,
                    3.3225400211688236
                ],
                "t6r_fs": [
                    5.8507495723651255,
                    -3.0798402824561606,
                    0.48322491872278917,
                    3.280135453099314,
                    1.8765878920020131,
                    9.461841294012046
                ],
                "t6r_ts": [
                    0.1432521298192978,
                    -0.020504918722789138,
                    -1.392350237568685,
                    -2.4194177506378285,
                    -9.33901294597678,
                    3.3225400211688236
                ],
                "t6t_cs": [
                    0.08600152375692138,
                    -0.030222271853222585,
                    1.3968790787475787,
                    1.902447964600118,
                    9.456872017182823,
                    -2.9675201274080316
                ],
                "t6t_rs": [
                    0.08600152375692138,
                    -0.030222271853222585,
                    1.3968790787475787,
                    1.902447964600118,
                    9.456872017182823,
                    -2.9675201274080316
                ],
                "ta": 0.01839856244623661,
                "tx": 3.216628074645996,
                "txp": 702.303466796875,
                "ty": 1.263411521911621,
                "typ": 456.6421813964844
            }
        ],
        "Retro": [],
        "pID": 0.0,
        "tl": 54.49546813964844,
        "ts": 1413132.3652420002,
        "v": 1
    }
}